id,title,slug,dateadded,templateName,singleIPE,multilineIPE,singleRadioGroup,singleCheckbox,singleDate,singleTime,file,simplelist,complexList,imageList,fileList,association,theLink
1,"A Category",a-category,"2011-04-25 17:55:03",basicCategory,,,,,,,,,,,,,
4,"Single IPE",single-ipe,"2011-04-25 17:55:04",singleIPE,"asdf asd fasd fasd f",,,,,,,,,,,,
7,"Multiline IPE",multiline-ipe,"2011-04-25 17:55:04",multilineIPE,,,,,,,,,,,,,
8,"Single Radio Group",single-radio-group,"2011-04-25 17:55:04",singleRadioGroup,,,,,,,,,,,,,
9,"Single checkbox",single-checkbox,"2011-04-25 17:55:04",singleCheckbox,,,,,,,,,,,,,
10,"Single Date",single-date,"2011-04-25 17:55:04",singleDate,,,,,,,,,,,,,
11,"Single Time",single-time,"2011-04-25 17:55:04",singleTime,,,,,,03:26,,,,,,,
12,"Single File",single-file,"2011-04-25 17:55:04",singleFile,,,,,,,11385,,,,,,
13,"Single Image",single-image,"2011-04-25 17:55:04",singleImage,,,,,,,11386,,,,,,
